"SP","mLL","piX","piY","h2X","h2Y","tX","tY","axy","ayx","iXY","conv","iX","iY"
1,-3494395.23444898,3.44607954341279e-05,7.41363493400491e-05,0.0293989485352808,0.0200717782350432,0.0648643641103296,-0.0239622575721202,-0.171698288520517,0.0998438857026493,0.012427772357985,0,1.03280804744907,1.11332014702133
2,-3493053.4125585,3.44607954341279e-05,7.41363493400491e-05,0.0236840375046755,0.0116297484115771,0.172118417879881,-0.136023810600217,0.308243724110618,0.620144832742411,-0.0155940757834008,0,1.03280804744907,1.11332014702133
3,-3494385.84448993,3.44607954341279e-05,7.41363493400491e-05,0.0290564685508195,0.0201609699069232,0.0700395112930616,-0.0127077998418497,-0.169903248475569,0.0342653262289285,0.01405645591818,0,1.03280804744907,1.11332014702133
4,-3494258.00886038,3.44607954341279e-05,7.41363493400491e-05,0.0291830369179504,0.0186034993183313,0.0753479025467955,-0.0425612899500439,-0.135642662767719,0.364283087689388,-0.00233552821020472,0,1.03280804744907,1.11332014702133
5,-3493764.54431816,3.44607954341279e-05,7.41363493400491e-05,0.0339118846794905,0.0144288794034015,0.00772643256114385,0.0483528346911443,-0.136243470288514,0.469285482891382,-0.0215229698248444,0,1.03280804744907,1.11332014702133
6,-3494289.54149493,3.44607954341279e-05,7.41363493400491e-05,0.0306941052829789,0.0191671906594225,0.0329956019033626,-0.0478314149322561,0.0671711109086367,-0.255141612574587,0.0200697946638788,0,1.03280804744907,1.11332014702133
7,-3494396.73422056,3.44607954341279e-05,7.41363493400491e-05,0.0296678661124521,0.0197759743820266,0.0635585916814536,-0.0258396703997827,-0.16139500055435,0.161003152373358,0.00553514039099489,0,1.03280804744907,1.11332014702133
8,-3494175.8151763,3.44607954341279e-05,7.41363493400491e-05,0.0287914695728132,0.0194034010583709,0.0795430841141852,-0.0586673380230891,0.0889025435495795,0.241210896222337,-0.012676655411577,0,1.03280804744907,1.11332014702133
9,-3494384.49638762,3.44607954341279e-05,7.41363493400491e-05,0.0295809421032689,0.0197684508779115,0.0606203252535554,-0.0296822760614649,-0.162904237960984,0.227610377659111,0.00128694236179204,0,1.03280804744907,1.11332014702133
10,-3494173.94953888,3.44607954341279e-05,7.41363493400491e-05,0.0285950883995219,0.0195271879210469,0.0827161773437631,-0.0562403211905203,0.0901722456463902,0.238156539481607,-0.0119084058283137,0,1.03280804744907,1.11332014702133
11,-3494188.05969925,3.44607954341279e-05,7.41363493400491e-05,0.0285028379803778,0.017770970216811,0.076174140860864,-0.0468697804229502,-0.123078060328645,0.41144732688013,-0.00727456382278869,0,1.03280804744907,1.11332014702133
12,-3494342.0841006,3.44607954341279e-05,7.41363493400491e-05,0.0315383848882817,0.018685369739071,0.0146036196376956,0.0439196461369748,-0.171470762525903,-0.301301949235093,0.0378250377573456,0,1.03280804744907,1.11332014702133
13,-3494211.31447063,3.44607954341279e-05,7.41363493400491e-05,0.0286889512720154,0.0203319248076845,0.0731014296394575,-0.0470463367579736,0.0943420906574018,0.05747203650728,-0.00510778982880415,0,1.03280804744907,1.11332014702133
14,-3494412.15473049,3.44607954341279e-05,7.41363493400491e-05,0.0296713578782069,0.0202322680076351,0.0583052453973231,-0.013491972660391,-0.168030172865137,-0.118718083704481,0.0265095957140879,0,1.03280804744907,1.11332014702133
15,-3494397.16961602,3.44607954341279e-05,7.41363493400491e-05,0.029129676109842,0.019688497933193,0.0648851290053801,-0.0230003129742481,-0.173365081947241,0.132156272212783,0.00947374305860801,0,1.03280804744907,1.11332014702133
16,-3494242.57386764,3.44607954341279e-05,7.41363493400491e-05,0.0291150221843352,0.020358995096396,0.0659229963657684,-0.0413897041574979,0.122837986289973,-0.111943278290243,0.00485746879320839,0,1.03280804744907,1.11332014702133
17,-3494379.44964563,3.44607954341279e-05,7.41363493400491e-05,0.0283730553198479,0.0215828851369533,0.0472464809720853,-0.036428443640736,-0.122343562736775,-0.142810044960178,0.0334771476447163,0,1.03280804744907,1.11332014702133
18,-3494167.46017465,3.44607954341279e-05,7.41363493400491e-05,0.0285572690813493,0.0196270636186782,0.0727423308589315,-0.0528787192326697,0.132708851790838,0.154903578957999,-0.0105858834032729,0,1.03280804744907,1.11332014702133
19,-3493678.81498549,3.44607954341279e-05,7.41363493400491e-05,0.0240708401626071,0.0177520843000387,0.0771748538398358,-0.0759414858088498,0.371056179854495,-0.0576921376530417,-0.0106400087407986,0,1.03280804744907,1.11332014702133
20,-3493927.58385725,3.44607954341279e-05,7.41363493400491e-05,0.0272476115774266,0.017876406834869,0.0993935121672104,-0.0778446839235929,0.205787296013331,0.331632448097667,-0.0154072555444863,0,1.03280804744907,1.11332014702133
21,-3494203.84345019,3.44607954341279e-05,7.41363493400491e-05,0.0291280968660652,0.0201240183924759,0.0703980625106707,-0.0455125766501654,0.0982833389357583,0.089605982141392,-0.00706650688716614,0,1.03280804744907,1.11332014702133
22,-3494394.23225804,3.44607954341279e-05,7.41363493400491e-05,0.0295277994505974,0.0200855205804743,0.0658725944493944,-0.0206962460097426,-0.175875516586229,0.0921023545122556,0.0129646701018503,0,1.03280804744907,1.11332014702133
23,-3494391.71580319,3.44607954341279e-05,7.41363493400491e-05,0.0298986227513415,0.0198683675614019,0.0652320830033767,-0.0219438613411582,-0.173382875245319,0.0600147709413573,0.0159209814208689,0,1.03280804744907,1.11332014702133
24,-3494403.00653619,3.44607954341279e-05,7.41363493400491e-05,0.0289854694253857,0.0205270046466887,0.063803397861863,-0.0100976731208199,-0.169318522134819,-0.0968128950740448,0.0269014965585217,0,1.03280804744907,1.11332014702133
25,-3493638.25112255,3.44607954341279e-05,7.41363493400491e-05,0.0241043652756265,0.0173193625722729,0.11235347882256,-0.09184873275736,0.33548393451003,0.269882032331846,-0.0234167859379804,0,1.03280804744907,1.11332014702133
26,-3494379.59239024,3.44607954341279e-05,7.41363493400491e-05,0.0298538423402503,0.0193632747018764,0.0612441604022851,-0.0256093660862446,-0.162638928009458,0.235654250137986,-0.00114851881700502,0,1.03280804744907,1.11332014702133
27,-3493786.17477909,3.44607954341279e-05,7.41363493400491e-05,0.0269544918120714,0.0160168853035727,0.113637406630738,-0.0830082944811507,0.209545058702275,0.408107006749681,-0.0178754206845976,0,1.03280804744907,1.11332014702133
28,-3494391.60547351,3.44607954341279e-05,7.41363493400491e-05,0.0293262909482817,0.0202641734163599,0.0646768932813422,-0.0190479623978056,-0.167595744558144,0.00304916944187835,0.0192066205797103,0,1.03280804744907,1.11332014702133
29,-3494389.92468031,3.44607954341279e-05,7.41363493400491e-05,0.0297387651908282,0.0195102265630656,0.0605378137602351,-0.028759380025968,-0.168297202569994,0.211471970420689,0.00182641631460462,0,1.03280804744907,1.11332014702133
30,-3494126.20000141,3.44607954341279e-05,7.41363493400491e-05,0.0280763723109404,0.0193665242582519,0.0690025806442077,-0.0597785646338357,0.209245004396249,-0.0839858736746846,0.0104845323769337,0,1.03280804744907,1.11332014702133
31,-3494325.73689123,3.44607954341279e-05,7.41363493400491e-05,0.0281248886650721,0.0187518161734174,0.0723277078138589,-0.0389167960727647,-0.152495758757704,0.310138511605154,0.00147093240934717,0,1.03280804744907,1.11332014702133
32,-3494418.60871308,3.44607954341279e-05,7.41363493400491e-05,0.0306371397663152,0.0201071809756938,0.0380383071345853,-0.0174210373637058,-0.149135347804938,-0.215874568581071,0.0301239359995985,0,1.03280804744907,1.11332014702133
33,-3494392.6276829,3.44607954341279e-05,7.41363493400491e-05,0.0296063611937316,0.0201903287146155,0.0643259297747988,-0.0198338485966352,-0.159773246663253,-0.0157354207742614,0.0198074404870532,0,1.03280804744907,1.11332014702133
34,-3494396.53182327,3.44607954341279e-05,7.41363493400491e-05,0.029185492209687,0.0200076619105665,0.0643194607237692,-0.0232646742091612,-0.174910796702331,0.11750362999937,0.0112807888401004,0,1.03280804744907,1.11332014702133
35,-3494250.90443876,3.44607954341279e-05,7.41363493400491e-05,0.0291447301413221,0.0205296656511551,0.0647545471808411,-0.0406561048250362,0.0790087020357483,-0.0665198639206644,0.00742513915786334,0,1.03280804744907,1.11332014702133
36,-3494409.09683467,3.44607954341279e-05,7.41363493400491e-05,0.0295832748702553,0.0202591108898659,0.057033180632778,-0.0146851526419267,-0.171211010075907,-0.101484670253145,0.0255229937596333,0,1.03280804744907,1.11332014702133
37,-3494354.2090561,3.44607954341279e-05,7.41363493400491e-05,0.0292384167734219,0.0193969851257122,0.0735413428986682,-0.0368676628992591,-0.130651567673108,0.255127459754519,0.00452858641585594,0,1.03280804744907,1.11332014702133
38,-3494397.88763881,3.44607954341279e-05,7.41363493400491e-05,0.029343034238318,0.0199090954682182,0.0642249997301215,-0.0250310121764636,-0.171155471083731,0.142441447542279,0.00882641861131392,0,1.03280804744907,1.11332014702133
39,-3494227.50108466,3.44607954341279e-05,7.41363493400491e-05,0.0291232608682989,0.0183489048664795,0.0813947018625918,-0.0486178586908441,-0.0608714390846194,0.334593652206204,-0.00204436000782699,0,1.03280804744907,1.11332014702133
40,-3494397.45600324,3.44607954341279e-05,7.41363493400491e-05,0.0292553599711403,0.0197663312965066,0.0643360111646957,-0.0264264863446118,-0.172520951981734,0.166424953715991,0.00714272210913766,0,1.03280804744907,1.11332014702133
41,-3494417.8713954,3.44607954341279e-05,7.41363493400491e-05,0.029312808605569,0.0204319834167696,0.049498110161686,-0.0144162418017403,-0.140394471500685,-0.192522275833611,0.0281285549290853,0,1.03280804744907,1.11332014702133
42,-3494405.45515159,3.44607954341279e-05,7.41363493400491e-05,0.0292054430211258,0.0201021341882725,0.0385042490245175,-0.0144382966599414,-0.130944856172903,-0.247452321526586,0.0268895340130059,0,1.03280804744907,1.11332014702133
43,-3494396.07793945,3.44607954341279e-05,7.41363493400491e-05,0.0287655797218697,0.0200234393968037,0.0632219253159511,-0.0288959496346867,-0.164419384864391,0.159937768736243,0.00642012428301934,0,1.03280804744907,1.11332014702133
44,-3493893.50925153,3.44607954341279e-05,7.41363493400491e-05,0.0287611300000124,0.0181503222129638,7.55141171796569e-07,0.0558231465530925,0.277035669321343,-0.283649165872824,0.00126233021529064,0,1.03280804744907,1.11332014702133
45,-3494396.24655958,3.44607954341279e-05,7.41363493400491e-05,0.0300970107916443,0.0199104869205982,0.0284203517498622,-0.0321616886883281,-0.128521406197334,-0.268088973589905,0.0351197110214243,0,1.03280804744907,1.11332014702133
46,-3494327.09830715,3.44607954341279e-05,7.41363493400491e-05,0.0290176836678905,0.0184706606155396,0.0816284369041469,-0.0459688921839384,-0.104518475846901,0.218431271541416,0.0132249783246497,0,1.03280804744907,1.11332014702133
47,-3494192.04181928,3.44607954341279e-05,7.41363493400491e-05,0.0269494955274076,0.0184763562164874,0.0833941665132572,-0.0469153794013661,-0.0570288086656288,0.364843747670092,-0.012247983489254,0,1.03280804744907,1.11332014702133
48,-3494418.31113675,3.44607954341279e-05,7.41363493400491e-05,0.0299096230954128,0.0202258303812068,0.0438655232957232,-0.0145580242026882,-0.145631522198021,-0.215209341334037,0.0306080766997422,0,1.03280804744907,1.11332014702133
49,-3494397.92295764,3.44607954341279e-05,7.41363493400491e-05,0.0294002349670724,0.0198812251542832,0.0642231561599485,-0.0249707388047138,-0.170134552525394,0.151722715805836,0.00792132334715104,0,1.03280804744907,1.11332014702133
50,-3494318.90062549,3.44607954341279e-05,7.41363493400491e-05,0.035166665801874,0.0174974108694226,0.0639305407339685,-0.0438519581495323,-0.148368713460722,0.127987443671274,0.023844034302985,0,1.03280804744907,1.11332014702133
