"mLL","h2X","h2Y","tX","tY","axy","ayx","iXY","conv","start_ind","end_ind"
-3509827.63646916,0.0316241997000919,0.0211379804331827,0.0552438292255306,-0.0415481748603153,-0.121422757690271,0.101345033808755,0.00942903326336173,0,1,2298
-3510483.23092621,0.0317651345454168,0.0211621237213103,0.0549839630631932,-0.040482444440931,-0.119929906030955,0.0953459271615064,0.00813744174163863,0,2299,4596
-3510403.75528258,0.0319307635777921,0.0210560251789272,0.0548729442728667,-0.0422096947883905,-0.119179502985499,0.101180868067498,0.00823155387241154,0,4597,6894
-3509822.54509833,0.0317557145289773,0.0211977429375794,0.0560551469671083,-0.0420616018128834,-0.116075669334864,0.0979378361777624,0.00819359219478937,0,6895,9192
-3509863.8488437,0.0320174338978193,0.0212294771857383,0.0573142460506975,-0.0438442584646356,-0.117840751909314,0.102013043183075,0.00923646485951805,0,9193,11490
-3509723.84840402,0.0320470482291011,0.0212977579253834,0.0560929496516335,-0.0426345350401222,-0.117998263238658,0.102616963330752,0.00921583852391104,0,11491,13788
-3510180.55634705,0.0320646468444482,0.0212880084653551,0.0559490883123444,-0.0423892488158635,-0.117996628742652,0.102304727193462,0.00894601772202243,0,13789,16086
-3509958.06691779,0.0320114963568386,0.0213048023776003,0.0555928833335237,-0.0419219885197765,-0.118957188544885,0.100492250560399,0.00951845647225457,0,16087,18384
-3510254.90354252,0.0317659652750877,0.0211132669907516,0.0552136712474549,-0.0425726251112505,-0.117086740558618,0.100036525690284,0.00939125656480636,0,18385,20682
-3510436.33469166,0.0314350542388538,0.0212411293673568,0.0574845052817454,-0.0416006658506332,-0.117967265155538,0.0992671475721321,0.00855750736369594,0,20683,22980
-3509993.77876148,0.0318935300441323,0.0212482216694812,0.0564800045370956,-0.0429530499521732,-0.117685586332612,0.101028066982764,0.00908518678275844,0,22981,25278
-3510569.0639275,0.0319524882899683,0.0212520384964523,0.0575049879725945,-0.0430474054316847,-0.116118319214053,0.0990829793184482,0.00939083662836836,0,25279,27576
-3510580.33617581,0.0314154188508661,0.0208001831094911,0.0551927423053693,-0.0420414187066423,-0.112547783474794,0.103281349091324,0.00785741426000201,0,27577,29874
-3509964.84892136,0.0319829064723116,0.0210897333038315,0.0558867165858215,-0.0426028832106422,-0.118221354660703,0.10371194465607,0.0088087078080863,0,29875,32172
-3510065.01345877,0.0319630900690915,0.0211711976438043,0.055378571579358,-0.0417740427456039,-0.119348431012472,0.101309670504909,0.00851679713425108,0,32173,34470
-3510022.20787759,0.0318709354301652,0.021201632983003,0.0546960659614862,-0.0414709161474732,-0.120899789604743,0.0989641509931378,0.00869476365726083,0,34471,36768
-3509513.67320765,0.0320303067819312,0.0211333766230428,0.0557663099765251,-0.0415269888478116,-0.117590554442935,0.101292215595052,0.00833992000449956,0,36769,39066
-3510249.75217494,0.0317460712627122,0.0211584871503964,0.0551079088209123,-0.0422715640850412,-0.121196797109498,0.100440930291687,0.00865702531927528,0,39067,41364
-3510436.85854109,0.031769187247854,0.0211694412069405,0.0557307262698168,-0.0422073131722951,-0.119764952625202,0.102121637177584,0.0087409561511692,0,41365,43662
-3510599.09403141,0.0319042755336066,0.0210263959556211,0.0546598826744836,-0.041847379734302,-0.120524697658802,0.105152141077034,0.00904779518856857,0,43663,45960
-3510171.2151338,0.0318368973595361,0.0212612268073993,0.0563378927701839,-0.0430800523915573,-0.120619026553784,0.102497440004784,0.00939976230277572,0,45961,48258
-3510227.64174463,0.0317559015501027,0.0212894989370586,0.0560818191907043,-0.0416327393292158,-0.120834297375351,0.098586031757754,0.0103278791558256,0,48259,50556
-3510687.21617802,0.0318834700986524,0.0212760210212749,0.0551163699525701,-0.0410813684054174,-0.12075533802428,0.101454520203129,0.00804844955894949,0,50557,52854
-3510331.00857271,0.0319681135050288,0.0211114951783579,0.0559882919537221,-0.0411278037055313,-0.121043715868395,0.102661776847087,0.00881879665252243,0,52855,55152
-3510376.58613468,0.0319027162491618,0.02098848886881,0.055456351505724,-0.0423755980398199,-0.119423157118224,0.101376850193014,0.00863450397788158,0,55153,57450
-3510350.72978315,0.0320301008513223,0.021262069586081,0.0553115042890936,-0.0410963484205377,-0.119428066712595,0.102667532005591,0.00977083546899511,0,57451,59748
-3510511.55836312,0.0317871354100639,0.021047634181695,0.0552601156528311,-0.0422431627519484,-0.118335753616279,0.0979271569362988,0.00875813042048127,0,59749,62046
-3509946.98748265,0.0319893621706737,0.0212187176896425,0.0553948473222289,-0.0420505720931273,-0.119287181723664,0.101167933568963,0.00835424730292487,0,62047,64344
-3510321.38473616,0.0321066487310871,0.0213127609054801,0.0551049128350827,-0.0424748541975044,-0.119190615573604,0.100306662382558,0.0102394343447487,0,64345,66642
-3510579.75816974,0.0318429424732114,0.021024647045865,0.0548403627664663,-0.0422784841777584,-0.116662861542721,0.100083422238268,0.00858831889167963,0,66643,68940
-3510098.031597,0.0319808957869742,0.0213210045099641,0.0551567123648854,-0.0411474369085852,-0.118405275453449,0.0972942121679501,0.0088835103773494,0,68941,71238
-3509942.51792536,0.0316836766009078,0.0212221521273705,0.0560706654739514,-0.0427252214690543,-0.115656413559043,0.100454888251343,0.00874385960723492,0,71239,73536
-3509853.58619039,0.0319311546832974,0.0210876439417894,0.0554339328323575,-0.0414509615470356,-0.11950666204544,0.0998927866226485,0.0086237901308759,0,73537,75834
-3509541.84494145,0.0319789090833599,0.0212128729891136,0.0556958579442765,-0.0414031226134577,-0.118871594662478,0.101252865514752,0.00880907079624589,0,75835,78132
-3510045.24030027,0.0320265897445189,0.021210199995887,0.0546187897688231,-0.0421290722414786,-0.119328159196505,0.101004412998875,0.00886807486717972,0,78133,80430
-3510115.89265637,0.031809579995042,0.0211551378691653,0.0560286920941866,-0.0417361398169171,-0.118964137990312,0.0987234583845186,0.00849833544432757,0,80431,82728
-3511097.30356417,0.0313233862519269,0.0213172987660413,0.0553942733264847,-0.0381448939876808,-0.124935727609339,0.104863911590996,0.00766291236327801,0,82729,85026
-3510217.33981011,0.031780035078265,0.0211563927623406,0.0556493249230073,-0.0416087687119921,-0.119216916569714,0.10094902268095,0.00779145576132163,0,85027,87324
-3510067.75543665,0.0320078590375895,0.0212326070103812,0.056239499110055,-0.0433995620230851,-0.117326977503551,0.102466599965135,0.00887681549566279,0,87325,89622
-3510627.54643433,0.0321640768620155,0.0213388204360661,0.0581977714895046,-0.0451484496469929,-0.117552254920914,0.10067732528727,0.0101619669987519,0,89623,91920
-3510294.49064393,0.0319646914661837,0.0212192274279803,0.0548688105208186,-0.0434877247810009,-0.119021587287985,0.101857390768566,0.00921732194924733,0,91921,94218
-3510017.59769171,0.0319494944632406,0.0212437243115923,0.0556242489282472,-0.0419251495004059,-0.118576455436751,0.100665190321289,0.0094369148769142,0,94219,96516
-3510551.12935987,0.0321091594652538,0.021078507995446,0.0544128876827402,-0.041712799203458,-0.119176279241075,0.0912169570476414,0.00870207073420826,0,96517,98814
-3509877.32205719,0.0319240727381681,0.0212515586508467,0.0558526737070487,-0.0420106694326275,-0.118392740092917,0.0995862990945928,0.00932715462785595,0,98815,101112
-3510455.61688196,0.0321674591987735,0.0213616384670456,0.0561726100861855,-0.0427514177732074,-0.11735366998647,0.100320933625236,0.00992148153566081,0,101113,103410
-3510454.9857282,0.0316870568247991,0.0213105884556435,0.054401625552014,-0.0431619917897698,-0.115347959665968,0.100745101852831,0.00875670178491351,0,103411,105708
-3509685.87418314,0.0319074557661882,0.0211558792550096,0.055339043992415,-0.0419135162620962,-0.118842347082937,0.0998565998407069,0.00829822104699096,0,105709,108006
-3509885.97763535,0.0319907711298436,0.0212592021369236,0.0550178275596765,-0.0418724638654617,-0.11826319635886,0.100427883233798,0.00892018710195414,0,108007,110304
-3510106.71239888,0.031931072198184,0.0210738551150615,0.0557404760119303,-0.041395779156277,-0.119660921274705,0.100378139731046,0.0080214772110315,0,110305,112602
-3509996.07281289,0.0320007994523698,0.0211400639139173,0.0552481068387679,-0.0425751848952967,-0.119715713933926,0.102295111309863,0.00868414049645387,0,112603,114900
-3509983.17158347,0.032002853143258,0.0212249242632279,0.057010985884073,-0.0426574767072474,-0.118828463683839,0.102282817435498,0.0088981093774494,0,114901,117198
-3510471.92076411,0.0317844319015362,0.021312515284398,0.0560093950626262,-0.0423960315493413,-0.121300916741556,0.102485466268641,0.00856721928789813,0,117199,119496
-3510388.39450205,0.0319177270572758,0.0212658056004959,0.0559607464861648,-0.042971474618763,-0.114176804058077,0.0991257277167127,0.00888876896677223,0,119497,121794
-3510192.87913985,0.0320824080931836,0.0213230980066232,0.0568507858318164,-0.0437177149449437,-0.117318233222494,0.101534732688433,0.0091927459557007,0,121795,124092
-3510517.15062851,0.0318596956945989,0.0211365866581181,0.0552672068753329,-0.0425077101510027,-0.119637998313494,0.0994762925222271,0.0082676504672425,0,124093,126390
-3510652.68098666,0.0317371818760272,0.0211800952785545,0.0561747902681667,-0.0437346199903591,-0.118530929520599,0.101953384493718,0.00856333022401409,0,126391,128688
-3510108.65403596,0.031929772982492,0.0212544130413228,0.057137469865348,-0.042322277447359,-0.11659619818873,0.102573220304978,0.00823283090915523,0,128689,130986
-3510419.53917889,0.0320399178776845,0.0212282673988619,0.055819559756984,-0.0421109631916601,-0.119300353779065,0.102220009459135,0.00797543725537364,0,130987,133284
-3509884.02716105,0.0320619306429368,0.0213539899040635,0.0564925025379514,-0.0430959833146963,-0.118240198800945,0.1016721192444,0.0094865148113882,0,133285,135582
-3510169.67000027,0.0319064078210693,0.0212201009045132,0.0558835512917074,-0.0419420243143244,-0.119615332095949,0.101390688954813,0.00825527528496342,0,135583,137880
-3509887.11483848,0.0319894215115863,0.0212416984197193,0.0567672286855556,-0.0424193206870595,-0.117771522899376,0.0998296919654779,0.00920227083152448,0,137881,140178
-3509638.66322548,0.0320755719678707,0.0212967550098117,0.0562710272709391,-0.0426666922349034,-0.118256619737069,0.101768831964564,0.00886446761855632,0,140179,142476
-3509322.96580894,0.0319212419494597,0.0212090143130892,0.0559543032702069,-0.0423436110641441,-0.118485513991836,0.100419663231266,0.00903492147199161,0,142477,144774
-3509518.33028974,0.0319484506433175,0.0212013048152475,0.0560179061199605,-0.0427344344464018,-0.117764006093786,0.101431104019542,0.00877006559710434,0,144775,147072
-3510106.53856964,0.0320824055238197,0.0212306556643546,0.0559830382201546,-0.0422038680520024,-0.11747085981995,0.101086790841381,0.00877101897584312,0,147073,149370
-3509830.61053365,0.0318793785285099,0.0212957389994684,0.056312390513286,-0.0425735709404185,-0.118049063089904,0.0997395837658256,0.00883802356677966,0,149371,151668
-3510857.72429583,0.0322254353098763,0.0214731343301196,0.0541662895746703,-0.0384783995700409,-0.119854840567629,0.100421248292386,0.00812884582811995,0,151669,153966
-3510444.67835899,0.0317882645637328,0.0211538291230573,0.0556572001044619,-0.0415954492716256,-0.121804316322193,0.099256294211251,0.00944173215973628,0,153967,156264
-3510416.06230048,0.0317219479079183,0.0211660286623006,0.0548038600565689,-0.0421868968526693,-0.119779250908102,0.100347822412758,0.00907263167599002,0,156265,158562
-3510526.37278256,0.0317825764273029,0.0209804544755141,0.0569200331984018,-0.0423043992043719,-0.119283319212054,0.1029764437985,0.00854112820827531,0,158563,160860
-3510604.74692545,0.0319117688189331,0.0212397681194953,0.0547980446584224,-0.0424976695191509,-0.120372621003746,0.103314515453107,0.00905669505328137,0,160861,163158
-3510360.7615173,0.0314076354756376,0.0212324644636513,0.0555751057245751,-0.0424509531685557,-0.121130021513526,0.101992275451509,0.00907132242017261,0,163159,165456
-3510949.66763181,0.0319832583832171,0.0211311887060225,0.0546588119458911,-0.038784769185065,-0.119498404448932,0.106641099755036,0.00804750282240551,0,165457,167754
-3510422.78187617,0.031996553321161,0.0211829743112811,0.0556231547650409,-0.0417710801047714,-0.12050951276035,0.100196006458194,0.00891930116606302,0,167755,170052
-3510160.91015147,0.0319413616710966,0.0212133827492947,0.0559341293491075,-0.0418261326606949,-0.119249491151195,0.101676989995747,0.00851601303523116,0,170053,172350
-3509423.40321229,0.0318758410584688,0.0211720873023207,0.0559796151720219,-0.0423860945851499,-0.118108236047128,0.102893666697056,0.00794348445509795,0,172351,174648
-3509357.06043802,0.0319742370606842,0.0212034221228653,0.0559709101058275,-0.0415783286320804,-0.118011481170833,0.10307433801626,0.00780123972945803,0,174649,176946
-3510310.79500884,0.0314897356289948,0.0211316682215181,0.0558887553732565,-0.0416750154450011,-0.118228285384342,0.0985289303564114,0.00892978985683131,0,176947,179244
-3511486.93492323,0.0314522203974459,0.0207059341088133,0.0541249218415066,-0.0409725108956535,-0.117188641334311,0.0965568013136633,0.00857716444599976,0,179245,181542
-3510553.58090128,0.0320037401198795,0.0210285249428442,0.0560644539735044,-0.0425121754484909,-0.115669678337166,0.0996767197924179,0.00922278410758146,0,181543,183840
-3511082.12060665,0.0321428160234293,0.0213924996876697,0.0575860600233743,-0.0409247395756448,-0.118913521543429,0.0995495446426365,0.00940671093684515,0,183841,186138
-3510918.27639287,0.0321372735843505,0.0213207563100863,0.0544344826338597,-0.0407112328394628,-0.117100620395085,0.0988713039870979,0.00832031122287526,0,186139,188436
-3510156.2568963,0.0320288039388715,0.0212590257793258,0.0564480008785983,-0.0427242348233575,-0.118730041693705,0.100611039950144,0.00948217423799978,0,188437,190734
-3510434.64388899,0.0319197567465016,0.0212656781020156,0.0556089416513274,-0.0416480933709861,-0.120682288177038,0.101564851558205,0.00830977331219633,0,190735,193032
-3510321.14338292,0.0316936421355823,0.0212171142185337,0.0555803570961986,-0.04144507986072,-0.125373273318162,0.0982415824186506,0.00863493662102984,0,193033,195330
-3510065.06400441,0.0320433228026935,0.0212918960514537,0.0570437617314375,-0.0419411624163486,-0.117232069246188,0.10095804195707,0.00931552626561712,0,195331,197628
-3510140.35118054,0.0318185845782134,0.0212439553809239,0.0558144281939297,-0.0427377311829713,-0.118658016847956,0.10137760079315,0.00893213603226334,0,197629,199926
-3509980.27999779,0.0318976797989401,0.0211771969946497,0.0546561579051774,-0.0409721866213269,-0.120547603604679,0.105488159506793,0.0083314408333283,0,199927,202224
-3509562.68817246,0.0319785669367076,0.0212431965758494,0.0563258718645018,-0.0416145723245651,-0.121861304886972,0.100388813607681,0.0091692326899121,0,202225,204522
-3510210.92842362,0.0319441412356591,0.0212140988894794,0.0557286233276273,-0.0424794370290614,-0.119648207374567,0.102085941874742,0.00817813594271662,0,204523,206820
-3509940.53990921,0.0320414613668747,0.0210809573920952,0.0559067455976782,-0.041475853191573,-0.119914537283302,0.104952083691301,0.00790886181924312,0,206821,209118
-3510114.7928086,0.0319838186998712,0.0210138555142733,0.0555878872721821,-0.0415064238734148,-0.118973750092492,0.0950817780069023,0.00810444214592911,0,209119,211416
-3510587.1573919,0.0317108807258618,0.0209070688129421,0.0555391339231782,-0.0415191086245035,-0.11901811530581,0.10219008972882,0.00796089867412609,0,211417,213714
-3510678.85023188,0.0321968682499709,0.0210792402123217,0.055323664239401,-0.0433667662471592,-0.119164147136779,0.100451504641555,0.00839644563553838,0,213715,216012
-3510522.51047588,0.0320100043053353,0.021315097363082,0.0546541221036147,-0.0435826465618939,-0.119476022926647,0.102373937105987,0.0090987177030755,0,216013,218310
-3510162.76416335,0.0318121583529916,0.0212519800304943,0.0558672177402034,-0.0423192100767116,-0.120343433265448,0.10156736767707,0.00877916936957582,0,218311,220608
-3510789.00307115,0.031367061603133,0.0207617127658926,0.0547550339277199,-0.0404787172785341,-0.122994762022823,0.102507548643842,0.0085713422379081,0,220609,222906
-3510390.47000365,0.0311501940882175,0.0212572549184192,0.0569547919339324,-0.0428441959647769,-0.11993985558853,0.103171385127226,0.00894989796016206,0,222907,225204
-3510369.23047433,0.0312559815613197,0.0212131885936389,0.0569123440394639,-0.0435145220738994,-0.118582665524227,0.102605592391695,0.00897010311405807,0,225205,227502
-3510019.87351618,0.0318591324093154,0.0211318933906488,0.0557726005488039,-0.0419401179039173,-0.119425967215103,0.0988812767104964,0.00898141452464557,0,227503,229800
-3509798.25104529,0.0318555034845293,0.021118828565041,0.0546271362920324,-0.0420245234187806,-0.119248479942084,0.0988601135566781,0.00895625364589697,0,229801,232098
-3511749.23443063,0.0310684775058588,0.0211794598243428,0.0533396523063655,-0.0411563569000041,-0.094154422506928,0.109270453152398,0.006625533062425,0,232099,234396
-3509848.70460896,0.0320198224490628,0.0212824251228557,0.0560409827773944,-0.0422680696393039,-0.117245147390359,0.100725888878574,0.00834013794730225,0,234397,236694
-3510225.78192627,0.0318945916274751,0.0208718659376479,0.0563771394042504,-0.0421106504090743,-0.119169559474196,0.103431374927802,0.0090203241786824,0,236695,238992
-3510700.76324279,0.0320734772283286,0.0212591194146064,0.0570994794764649,-0.0421108547072156,-0.119213660244298,0.103535998388958,0.00887405042351961,0,238993,241290
-3510435.02284173,0.0319835454861438,0.0212031188336709,0.0543665853303422,-0.0425831404501338,-0.120853327193745,0.102056344464723,0.00851267817252209,0,241291,243588
-3509883.73180297,0.0320102380188595,0.0212484389850615,0.0567911565446884,-0.0422049932411734,-0.115642572669277,0.0987846102646722,0.00855547807590069,0,243589,245886
-3510411.95322226,0.0320521343564021,0.0210943727127451,0.0573092092459041,-0.0421469078085887,-0.118306532085547,0.10518014721354,0.00919788108336137,0,245887,248184
-3510080.16294292,0.0318348573184647,0.021203996899793,0.0566713251434609,-0.0430120275312317,-0.120619854007598,0.103018664650373,0.00959221159212657,0,248185,250482
-3510367.94958307,0.0320328264612018,0.0212747926936228,0.0557986315479052,-0.0427683525836422,-0.11984583214071,0.102885590225295,0.00875058495138202,0,250483,252780
-3509894.28413589,0.0318200738080882,0.021073182578743,0.0554890277498757,-0.0417099134815597,-0.121805768092268,0.0998824868873814,0.00893927864286434,0,252781,255078
-3509647.9392527,0.0318724471017544,0.0211833227079812,0.0554553249018559,-0.0417890791755331,-0.120269935910188,0.0985538084431183,0.00904660341664365,0,255079,257376
-3510266.24418576,0.0318784916006835,0.0212031402883004,0.0548827903976816,-0.0421615137617167,-0.120924880017022,0.0985079920485539,0.00849962655490895,0,257377,259674
-3509733.53723315,0.0319430269987773,0.0212217747679307,0.0568171218911472,-0.0428158266082126,-0.117791393051067,0.0996090806572102,0.00980430511851749,0,259675,261972
-3510248.97070888,0.0321260725281463,0.0213359097535548,0.0552604644699897,-0.0415736622955855,-0.119539682292155,0.101365951057637,0.00950361100186794,0,261973,264270
-3509839.65239768,0.0319372333287312,0.0212834944916115,0.0557946830316173,-0.0424359560503132,-0.117285224251071,0.100098879658512,0.0082975557248098,0,264271,266568
-3510545.80216094,0.0317731137140109,0.0211300009583582,0.0547116141104413,-0.04184021179122,-0.120439921612797,0.0988119414005028,0.00871073029794718,0,266569,268866
-3509776.53451072,0.0320662584823629,0.0213189611387005,0.0565296016206109,-0.0421782713770039,-0.117914639547761,0.10197654189076,0.00859951652950622,0,268867,271164
-3509749.50918095,0.0319218488880422,0.0211827414010633,0.0560010988957318,-0.0424334525780524,-0.11903054983207,0.0984593939859782,0.00853725261758412,0,271165,273462
-3509588.17838688,0.0317807923531161,0.0211714633302714,0.0553267350941081,-0.0420256171990061,-0.120863469382701,0.100629985446361,0.00857723072537374,0,273463,275760
-3509257.4464112,0.0319966693790008,0.0212264861913188,0.055646201709042,-0.0423019475708854,-0.119296312917868,0.10087236251094,0.00864664124849612,0,275761,278058
-3509699.78919383,0.0320146854665873,0.0210738410455166,0.0557353898398494,-0.0420842580903464,-0.117915392035073,0.0989564006710458,0.00901915198129744,0,278059,280356
-3509988.08419218,0.0320246210734229,0.0213424801665061,0.0568102368961918,-0.0426247128645451,-0.117101073034807,0.102105676966923,0.00842294379652222,0,280357,282654
-3510357.50701035,0.0319285416261792,0.0213132852263925,0.0577930717652346,-0.0427221522742399,-0.118713759525715,0.102755719138945,0.00919853759287047,0,282655,284952
-3511270.06482141,0.0312519901376827,0.0209461196031405,0.0560127221818799,-0.0424800677013399,-0.111522070583592,0.101476914313505,0.00884140059460653,0,284953,287250
-3511121.10101329,0.0304923580304498,0.0212735026394078,0.0584316754650792,-0.0401208487120152,-0.114525313785177,0.101859300693276,0.00804857599567356,0,287251,289548
-3510421.443802,0.0318881290508434,0.0207153965243968,0.0562278340543992,-0.0430749687210829,-0.116491520276811,0.0921555478885581,0.00931829743674125,0,289549,291846
-3510325.87245074,0.0319847245347376,0.02110833790995,0.0556220813520953,-0.0416023290263732,-0.115212064063174,0.0981971689879745,0.00866424968570131,0,291847,294144
-3510467.45806045,0.0310542330645896,0.0212143148732913,0.0572563168176736,-0.0418825879604484,-0.118131763946923,0.102584849049981,0.00906124529924484,0,294145,296442
-3509620.88928663,0.0320167255503878,0.0211858982307238,0.0553999910271622,-0.0416072419136879,-0.120721967365085,0.102815211837097,0.00905836938775565,0,296443,298740
-3509948.25651459,0.0312391896066317,0.0212039525131796,0.0562892247886326,-0.0419313153070509,-0.119582016820329,0.101787094914294,0.00882048052968649,0,298741,301038
-3510131.31942038,0.0316835418605378,0.0211455441980089,0.0553380223761766,-0.041878626164932,-0.122887956272415,0.0940858362736299,0.00929692386940543,0,301039,303336
-3510308.57583686,0.0316653794108447,0.0212994978437733,0.0557169448642018,-0.0418699145072247,-0.119962852732491,0.100080839252735,0.00832506552404651,0,303337,305634
-3510173.65114133,0.032048816177429,0.0212647483328643,0.0558250038857802,-0.0421649265477526,-0.11791009999556,0.100422011076637,0.0093858373550684,0,305635,307932
-3513695.48389622,0.0320785065414798,0.0212915553623647,0.0386697329398681,-0.0331939037753237,-0.128298402964012,0.0810128244029801,0.00574093636155236,0,307933,310230
-3510562.09111806,0.0319583940929313,0.0206041557766198,0.0556971446866334,-0.0430258578750828,-0.121024677222487,0.1073908847532,0.00913443127663125,0,310231,312528
-3510646.25979851,0.0318384997066752,0.0209563796020664,0.0548606622026688,-0.0426654849697518,-0.114630334081784,0.0944185036561101,0.00831555652701674,0,312529,314826
-3510025.47321769,0.0320741506154067,0.0209335515111102,0.0568960328301617,-0.0435811661826881,-0.11744214313904,0.099386490910604,0.00969908199845945,0,314827,317124
-3510679.95205007,0.0318729496446212,0.0211630285512069,0.0558571477829959,-0.0417849418911797,-0.119613971907481,0.0963619898447997,0.00821238437343576,0,317125,319422
-3509907.92312732,0.0318494595597598,0.0211688282076592,0.0555975990240183,-0.041768110823353,-0.118597265146707,0.101770639287345,0.00951884514853504,0,319423,321720
-3509424.99356775,0.0319545235048969,0.0212331165906019,0.055575260543707,-0.0422173733153594,-0.117923127503735,0.0995841558285703,0.0085271929203736,0,321721,324018
-3509332.75909847,0.0318864439571884,0.0211726963618749,0.0557957258589931,-0.04210526540818,-0.12078187144765,0.0976764125746699,0.00905823306984457,0,324019,326316
-3510036.5012352,0.0318241710379151,0.0212127188125527,0.0553021099974481,-0.0415009701232948,-0.120317453329881,0.100755791444416,0.00866417836142738,0,326317,328614
-3510654.30255332,0.031922600367392,0.0214854955830212,0.0574688558465732,-0.0406391370419631,-0.12099830326165,0.102408675746397,0.0100471268557105,0,328615,330912
-3510405.30779182,0.0319513976300954,0.0212478235949052,0.0554924433693819,-0.0417080919711812,-0.120772487992727,0.0990193525542747,0.00836594772132532,0,330913,333210
-3510102.91910956,0.0319589287433616,0.0212911181274367,0.0564377547345516,-0.0415828977705776,-0.118306740421769,0.102335398421191,0.00944223352299397,0,333211,335508
-3510010.04272142,0.0320439141293429,0.0212822332717846,0.0560816959765975,-0.0422340490879167,-0.118677803976549,0.100434094820973,0.00907151785840038,0,335509,337806
-3510296.96574289,0.0320447549995428,0.0212776168897152,0.0562050583940797,-0.0430987936122066,-0.11838744256417,0.100478044200315,0.00825935017273954,0,337807,340104
-3509955.69516424,0.0318559006381326,0.0212126889506262,0.0559921778999318,-0.0415614288586172,-0.119855830241985,0.100777399612054,0.0087835017807974,0,340105,342402
-3510904.83313221,0.031151587729581,0.0210404179948036,0.0556788055458352,-0.0412077386880889,-0.1239070408634,0.104622170713611,0.00768798962775128,0,342403,344700
-3509527.3765029,0.0318791417957457,0.0212700714937359,0.0551257709323934,-0.0420459612664762,-0.120148168703777,0.101164601063576,0.00846045165720054,0,344701,346998
-3509527.62684033,0.031862698037411,0.0212376296084338,0.0556132034644314,-0.0419799099494273,-0.118335884224507,0.0983690610573112,0.00930466581766596,0,346999,349296
-3509937.17663758,0.0319560807664232,0.0212547269290541,0.0553660994952084,-0.0422105996441989,-0.119092435469251,0.100303352811478,0.00863128582173809,0,349297,351594
-3510357.79271818,0.0321231108122269,0.0213225580494499,0.0554043938863528,-0.0427998526818263,-0.11865613064517,0.101771350991302,0.00902350917856075,0,351595,353892
-3510015.04576984,0.0320507271427082,0.0213199313934995,0.0567453766344756,-0.0432101346515104,-0.11876667389648,0.103049248277274,0.00934919233154159,0,353893,356190
-3510340.39826781,0.0319704990954036,0.02120837781704,0.0554029412439651,-0.041782292041241,-0.11960287964837,0.097746646329581,0.00853519705768119,0,356191,358488
-3510077.66375938,0.0321070191436969,0.0212638175070294,0.0568558275896349,-0.0422865654865922,-0.118082443511942,0.10215908934214,0.00929554895442359,0,358489,360786
-3509222.50670298,0.0318840874904137,0.021172686585077,0.0558237464663134,-0.0420405736698576,-0.119203137368013,0.100173269675673,0.00882209855321041,0,360787,363084
-3509740.96703801,0.0318393114350117,0.0211895708612777,0.0551319171485341,-0.0421182788680079,-0.12169676034068,0.101231954160058,0.00850537287040522,0,363085,365382
-3510286.53958098,0.0318867646395181,0.0212590369971051,0.0555602463419998,-0.0414479101854752,-0.118943916585207,0.102972718073431,0.00850756523408594,0,365383,367680
-3510637.07214601,0.0318848533881882,0.0211048178398225,0.0552125690229391,-0.0409886609515053,-0.119505645910283,0.0946320006881677,0.00837459471731694,0,367681,369978
-3510386.16722023,0.0318113466231233,0.0213156423062496,0.057384808682325,-0.0422069810747716,-0.11584967676392,0.102692181218423,0.00878661153750237,0,369979,372276
-3509711.44449454,0.0318431521325878,0.0212619470687427,0.0569041327630166,-0.0424147800490864,-0.117808485162944,0.101562236467205,0.0089630928799759,0,372277,374574
-3510198.41299896,0.0318536308354135,0.0210527283861713,0.0557404764376749,-0.041911042796244,-0.116836009776844,0.100253042008043,0.00910620892660734,0,374575,376872
-3510225.90706122,0.031522825539155,0.0208973347493102,0.0561832242790293,-0.0417400638380958,-0.122246915656893,0.100675216715464,0.00937101451473748,0,376873,379170
-3509571.71590792,0.0319337259251998,0.0212888801797894,0.0570825047727903,-0.0417888625359442,-0.116888041054792,0.0988653277145165,0.0100859936993739,0,379171,381468
-3510554.804606,0.0319064578411439,0.0210357087783453,0.056590755738701,-0.0414673589580035,-0.116965979092437,0.100452848711438,0.0088683956874544,0,381469,383766
-3510824.97535935,0.0316543408783381,0.0206717277659804,0.0556450224449774,-0.0427323098811043,-0.113696299417224,0.0926967437279167,0.0095244784217333,0,383767,386064
-3510085.16537914,0.0317822827027004,0.0212471818682339,0.0552170440457355,-0.0418392524376188,-0.118908311460031,0.0987708492679549,0.00815488958362419,0,386065,388362
-3509547.46423964,0.032036540100438,0.0212841294705086,0.0557138634903595,-0.0416840453944988,-0.119436635577351,0.101536167282164,0.00871236884662688,0,388363,390660
-3509870.42801544,0.0316977111300326,0.0211192057949079,0.0550841454762918,-0.0415888699296907,-0.125304051251501,0.10054508328057,0.00816786230706543,0,390661,392958
-3510188.18440423,0.0318656494723104,0.0211798113396133,0.0549055097240665,-0.0414218281097414,-0.12021999581103,0.0990012283307254,0.00855273513692523,0,392959,395256
-3510204.63634066,0.0317192302061351,0.0206576497025412,0.0556322293379492,-0.0429054479291629,-0.116037101536233,0.0989855471087417,0.00879207418614824,0,395257,397554
-3509774.94982314,0.0318305773351974,0.0212456553118393,0.0562855715682093,-0.0424335738301402,-0.115886948637482,0.0988434250614637,0.00886242561802059,0,397555,399852
-3510503.40431071,0.0320101504877233,0.021075939072453,0.0555592123749139,-0.0404947981239302,-0.120594540033212,0.103021657280168,0.00871170034979168,0,399853,402150
-3509529.76819165,0.031780146518989,0.0211835767481182,0.0556381360737762,-0.0425235097331212,-0.117296705604767,0.100100060519516,0.00878537531766282,0,402151,404448
-3509873.55293216,0.0317373460141269,0.0207716395776092,0.0558766130460911,-0.0424119929161137,-0.117886193582247,0.101009101771049,0.00909174018308726,0,404449,406746
-3511356.47424482,0.0307208550450582,0.0211332240768655,0.0530845380031089,-0.0399869337583583,-0.108510593029199,0.0979367318648122,0.0073021987828921,0,406747,409044
-3511576.19843962,0.0315160697344573,0.0198245548543429,0.0598341599544451,-0.0426295333878799,-0.12034485257223,0.115821562994022,0.00873125986733299,0,409045,411342
-3510177.6029642,0.031915608772775,0.0210404375141117,0.0551748286228131,-0.0405932383684086,-0.118363062480043,0.0973283708656893,0.00892796607285982,0,411343,413640
-3509316.03088175,0.0317045056446652,0.0212700466797669,0.0557272626444339,-0.0419863201577906,-0.121989876676817,0.100650720124397,0.00963881919367328,0,413641,415938
-3509354.37345063,0.0318366948262054,0.0212612698285945,0.0561646865979264,-0.0417691302590917,-0.118149177104651,0.0994076998530248,0.0097040025528521,0,415939,418236
-3509691.11672743,0.031962223562664,0.0212443814083421,0.0569429519140283,-0.0421387564662653,-0.117023183954267,0.100239811559515,0.00870798880773524,0,418237,420534
-3510602.04473285,0.031611267228091,0.0213226919308606,0.054300172766964,-0.0411057554798295,-0.121403080367301,0.0986281101427063,0.00854073795906607,0,420535,422832
-3509965.51497818,0.0319534361367487,0.0212470039824292,0.0557919997148987,-0.0421840272206833,-0.118161075656462,0.102346003911662,0.00847564443356949,0,422833,425130
-3509702.42705892,0.0316577147608115,0.0211928806391493,0.056052800234681,-0.0417953014435444,-0.121141690572473,0.101687068819108,0.00958880075490643,0,425131,427428
-3509967.68703059,0.031768917470058,0.0209613268841442,0.0547390508901628,-0.0421328084636532,-0.119625906405501,0.0974852540711714,0.00863009253231889,0,427429,429726
-3510720.79025673,0.0313761336441579,0.021238732404916,0.0546243570603958,-0.0423536076337317,-0.117519017026505,0.101037297220684,0.0084358422736597,0,429727,432024
-3510264.66437081,0.0319613087377271,0.021309273585225,0.0564129994301422,-0.0428403211634457,-0.117877118568643,0.102525871995704,0.009189255440461,0,432025,434322
-3510281.56882857,0.0318323191725525,0.0203526393309757,0.0562854780694774,-0.0429130991732168,-0.119912550340784,0.100907577143316,0.00999161765526232,0,434323,436620
-3509820.65518184,0.031201634246689,0.0211386539071861,0.0563413731864931,-0.0421408213208193,-0.117218078826021,0.102469033353586,0.00889042949474508,0,436621,438918
-3509700.52271425,0.0317845378927595,0.0212234765848355,0.0558398765055778,-0.0420140229013481,-0.119292017031601,0.101786748489951,0.0085049777278724,0,438919,441216
-3511325.62802566,0.031633882782667,0.0211318508143677,0.0535783466897128,-0.0417343681886049,-0.119441136285321,0.100870860806596,0.00768290536708163,0,441217,443514
-3510198.67491983,0.0317807281440601,0.0211525844527995,0.0556260103612828,-0.0406387809380974,-0.119071979532681,0.0971269431352155,0.00901484965858252,0,443515,445812
-3509479.62368106,0.0318841409794756,0.0211110388342623,0.0551504444409138,-0.0416619821613409,-0.120404928548245,0.0977920083701826,0.00905466061864785,0,445813,448110
-3509835.07569691,0.0318957786779877,0.0211171449727974,0.0557636180853692,-0.0420064905542819,-0.118585419836057,0.0991034594214167,0.00851713937621371,0,448111,450408
-3509852.06342545,0.0319231095821023,0.021203166021152,0.0555070052400856,-0.0420844055662565,-0.121330539463517,0.101711523190305,0.00929996273216995,0,450409,452706
-3509557.7614591,0.0319087557619875,0.0212205854423936,0.0551538166953158,-0.0422962592516483,-0.120448463778608,0.0965309087590843,0.00934632855027745,0,452707,455004
-3509973.24893656,0.0321051841158324,0.0212287189583828,0.0547592851207893,-0.0410843641431004,-0.118032572163626,0.100795437773713,0.00928694974016515,0,455005,457302
-3509424.34757608,0.0311874573101244,0.0211872288010086,0.053589389776108,-0.0404377748767506,-0.119831665468232,0.102114235724707,0.00839842137699632,0,457303,459765
